create database mini_project;
use mini_project;
CREATE TABLE Employees (
    employee_id INT PRIMARY KEY,
    first_name VARCHAR(50),
    last_name VARCHAR(50),
    email VARCHAR(100),
    phone_number VARCHAR(20),
    hire_date DATE,
    job_id INT,
    salary DECIMAL(10, 2),
    manager_id INT,
    department_id INT
);
INSERT INTO Employees (employee_id, first_name, last_name, email, phone_number, hire_date, job_id, salary, manager_id, department_id) 
VALUES
    (1, 'John', 'Doe', 'john.doe@example.com', '123-456-7890', '2022-01-01', 1, 50000.00, NULL, 1),
    (2, 'Jane', 'Smith', 'jane.smith@example.com', '987-654-3210', '2022-02-15', 2, 60000.00, 1, 1),
    (3, 'Michael', 'Johnson', 'michael.johnson@example.com', '555-123-4567', '2022-03-20', 3, 55000.00, 1, 2),
    (4, 'Emily', 'Davis', 'emily.davis@example.com', '333-444-5555', '2022-04-22', 4, 70000.00, 2, 3),
    (5, 'James', 'Brown', 'james.brown@example.com', '222-333-4444', '2022-05-10', 1, 48000.00, 3, 1),
    (6, 'Olivia', 'Wilson', 'olivia.wilson@example.com', '111-222-3333', '2022-06-05', 2, 62000.00, 2, 2),
    (7, 'William', 'Taylor', 'william.taylor@example.com', '999-888-7777', '2022-07-18', 3, 53000.00, 1, 3),
    (8, 'Sophia', 'Moore', 'sophia.moore@example.com', '777-666-5555', '2022-08-30', 4, 69000.00, 3, 1),
    (9, 'Alexander', 'Anderson', 'alexander.anderson@example.com', '555-444-3333', '2022-09-12', 1, 51000.00, 2, 2),
    (10, 'Emma', 'Martinez', 'emma.martinez@example.com', '444-555-6666', '2022-10-25', 2, 58000.00, 1, 3),
    (11, 'Liam', 'Hernandez', 'liam.hernandez@example.com', '666-777-8888', '2022-11-11', 3, 56000.00, 2, 1),
    (12, 'Ava', 'Young', 'ava.young@example.com', '888-999-0000', '2022-12-04', 4, 72000.00, 1, 2),
    (13, 'Benjamin', 'King', 'benjamin.king@example.com', '111-222-3333', '2023-01-17', 1, 49000.00, 3, 3),
    (14, 'Charlotte', 'Lee', 'charlotte.lee@example.com', '222-333-4444', '2023-02-20', 2, 63000.00, 2, 1),
    (15, 'Daniel', 'Gonzalez', 'daniel.gonzalez@example.com', '333-444-5555', '2023-03-15', 3, 54000.00, 1, 2),
    (16, 'Mia', 'Lopez', 'mia.lopez@example.com', '444-555-6666', '2023-04-28', 4, 70000.00, 2, 3),
    (17, 'Elijah', 'Hill', 'elijah.hill@example.com', '555-666-7777', '2023-05-10', 1, 50000.00, 3, 1),
    (18, 'Amelia', 'Scott', 'amelia.scott@example.com', '666-777-8888', '2023-06-22', 2, 64000.00, 1, 2),
    (19, 'Harper', 'Green', 'harper.green@example.com', '777-888-9999', '2023-07-06', 3, 55000.00, 2, 3),
    (20, 'Matthew', 'Adams', 'matthew.adams@example.com', '888-999-0000', '2023-08-18', 4, 71000.00, 1, 1),
    (21, 'Sofia', 'Baker', 'sofia.baker@example.com', '111-222-3333', '2023-09-30', 1, 52000.00, 3, 2),
    (22, 'Ethan', 'Rivera', 'ethan.rivera@example.com', '222-333-4444', '2023-10-13', 2, 65000.00, 2, 3),
    (23, 'Evelyn', 'Long', 'evelyn.long@example.com', '333-444-5555', '2023-11-26', 3, 56000.00, 1, 1),
    (24, 'Jackson', 'Gray', 'jackson.gray@example.com', '444-555-6666', '2023-12-09', 4, 72000.00, 3, 2),
    (25, 'Aiden', 'Young', 'aiden.young@example.com', '555-666-7777', '2024-01-22', 1, 51000.00, 2, 3),
    (26, 'Chloe', 'King', 'chloe.king@example.com', '666-777-8888', '2024-02-04', 2, 66000.00, 1, 1),
    (27, 'Avery', 'Hall', 'avery.hall@example.com', '777-888-9999', '2024-03-17', 3, 57000.00, 3, 2),
    (28, 'Mason', 'Lopez', 'mason.lopez@example.com', '888-999-0000', '2024-04-29', 4, 73000.00, 2, 3),
    (29, 'Ella', 'Wright', 'ella.wright@example.com', '111-222-3333', '2024-05-12', 1, 53000.00, 3, 1),
    (30, 'Liam', 'Collins', 'liam.collins@example.com', '222-333-4444', '2024-06-25', 2, 67000.00, 1, 2),
    (31, 'Harper', 'Smith', 'harper.smith@example.com', '333-444-5555', '2024-07-07', 3, 54000.00, 1, 3),
    (32, 'Evelyn', 'Martinez', 'evelyn.martinez@example.com', '444-555-6666', '2024-08-20', 4, 70000.00, 2, 1),
    (33, 'Liam', 'Gonzalez', 'liam.gonzalez@example.com', '555-666-7777', '2024-09-02', 1, 50000.00, 3, 2),
    (34, 'Emma', 'Hernandez', 'emma.hernandez@example.com', '666-777-8888', '2024-10-15', 2, 65000.00, 1, 3),
    (35, 'Noah', 'Young', 'noah.young@example.com', '777-888-9999', '2024-11-28', 3, 55000.00, 2, 1),
    (36, 'Olivia', 'Lopez', 'olivia.lopez@example.com', '888-999-0000', '2024-12-11', 4, 71000.00, 3, 2),
    (37, 'Liam', 'King', 'liam.king@example.com', '111-222-3333', '2025-01-24', 1, 51000.00, 2, 3),
    (38, 'Charlotte', 'Taylor', 'charlotte.taylor@example.com', '222-333-4444', '2025-02-06', 2, 66000.00, 1, 1),
    (39, 'Elijah', 'Scott', 'elijah.scott@example.com', '333-444-5555', '2025-03-21', 3, 56000.00, 3, 2),
    (40, 'Avery', 'Allen', 'avery.allen@example.com', '444-555-6666', '2025-04-03', 4, 72000.00, 2, 3),
    (41, 'Harper', 'Baker', 'harper.baker@example.com', '555-666-7777', '2025-05-16', 1, 52000.00, 3, 1),
    (42, 'Mason', 'Gonzalez', 'mason.gonzalez@example.com', '666-777-8888', '2025-06-29', 2, 67000.00, 1, 2),
    (43, 'Ava', 'Wright', 'ava.wright@example.com', '777-888-9999', '2025-07-12', 3, 57000.00, 2, 3),
    (44, 'Ethan', 'Smith', 'ethan.smith@example.com', '888-999-0000', '2025-08-25', 4, 73000.00, 3, 1),
    (45, 'Isabella', 'Lee', 'isabella.lee@example.com', '111-222-3333', '2025-09-07', 1, 53000.00, 2, 2),
    (46, 'Elijah', 'Adams', 'elijah.adams@example.com', '222-333-4444', '2025-10-20', 2, 68000.00, 3, 3),
    (47, 'Avery', 'Martinez', 'avery.martinez@example.com', '333-444-5555', '2025-11-02', 3, 58000.00, 1, 1),
    (48, 'Evelyn', 'Young', 'evelyn.young@example.com', '444-555-6666', '2025-12-15', 4, 74000.00, 2, 2),
    (49, 'Benjamin', 'Brown', 'benjamin.brown@example.com', '555-666-7777', '2026-01-28', 1, 54000.00, 3, 3),
    (50, 'Ella', 'Hernandez', 'ella.hernandez@example.com', '666-777-8888', '2026-02-10', 2, 69000.00, 1, 1);

   CREATE TABLE Departments (
    department_id INT PRIMARY KEY,
    department_name VARCHAR(50),
    location_id INT
);
INSERT INTO Departments (department_id, department_name, location_id) 
VALUES
    (1, 'Sales', 1),
    (2, 'Marketing', 2),
    (3, 'Finance', 3),
    (4, 'Human Resources', 1),
    (5, 'Engineering', 2),
    (6, 'Customer Service', 3),
    (7, 'Research and Development', 1),
    (8, 'Legal', 2),
    (9, 'Information Technology', 3),
    (10, 'Product Management', 1),
    (11, 'Operations', 2),
    (12, 'Quality Assurance', 3),
    (13, 'Supply Chain', 1),
    (14, 'Accounting', 2),
    (15, 'Administration', 3),
    (16, 'Logistics', 1),
    (17, 'Training', 2),
    (18, 'Purchasing', 3),
    (19, 'Consulting', 1),
    (20, 'Facilities', 2),
    (21, 'Security', 3),
    (22, 'Public Relations', 1),
    (23, 'Media', 2),
    (24, 'Event Management', 3),
    (25, 'Health and Safety', 1),
    (26, 'Compliance', 2),
    (27, 'Risk Management', 3),
    (28, 'Audit', 1),
    (29, 'Insurance', 2),
    (30, 'Real Estate', 3),
    (31, 'Mergers and Acquisitions', 1),
    (32, 'Treasury', 2),
    (33, 'Tax', 3),
    (34, 'Financial Planning', 1),
    (35, 'Investor Relations', 2),
    (36, 'Venture Capital', 3),
    (37, 'Grants', 1),
    (38, 'Research Funding', 2),
    (39, 'Nonprofit Management', 3),
    (40, 'Charity', 1),
    (41, 'Community Development', 2),
    (42, 'Fundraising', 3),
    (43, 'Advocacy', 1),
    (44, 'Lobbying', 2),
    (45, 'Public Policy', 3),
    (46, 'Government Relations', 1),
    (47, 'Legislation', 2),
    (48, 'Regulatory Affairs', 3),
    (49, 'Public Administration', 1),
    (50, 'International Relations', 2);
CREATE TABLE Jobs (
    job_id INT PRIMARY KEY,
    job_title VARCHAR(50),
    min_salary DECIMAL(10, 2),
    max_salary DECIMAL(10, 2)
);
INSERT INTO Jobs (job_id, job_title, min_salary, max_salary) 
VALUES
    (1, 'Sales Representative', 30000.00, 60000.00),
    (2, 'Marketing Specialist', 35000.00, 65000.00),
    (3, 'Financial Analyst', 40000.00, 70000.00),
    (4, 'Human Resources Manager', 45000.00, 75000.00),
    (5, 'Software Engineer', 50000.00, 80000.00),
    (6, 'Customer Service Representative', 32000.00, 62000.00),
    (7, 'Research Scientist', 37000.00, 67000.00),
    (8, 'Legal Assistant', 42000.00, 72000.00),
    (9, 'IT Specialist', 47000.00, 77000.00),
    (10, 'Product Manager', 52000.00, 82000.00),
    (11, 'Operations Manager', 55000.00, 85000.00),
    (12, 'Quality Assurance Analyst', 58000.00, 88000.00),
    (13, 'Supply Chain Manager', 60000.00, 90000.00),
    (14, 'Accountant', 33000.00, 63000.00),
    (15, 'Administrator', 38000.00, 68000.00),
    (16, 'Logistics Coordinator', 43000.00, 73000.00),
    (17, 'Trainer', 48000.00, 78000.00),
    (18, 'Purchasing Manager', 53000.00, 83000.00),
    (19, 'Consultant', 56000.00, 86000.00),
    (20, 'Facilities Manager', 59000.00, 89000.00),
    (21, 'Security Officer', 61000.00, 91000.00),
    (22, 'Public Relations Specialist', 34000.00, 64000.00),
    (23, 'Media Planner', 39000.00, 69000.00),
    (24, 'Event Coordinator', 44000.00, 74000.00),
    (25, 'Health and Safety Officer', 49000.00, 79000.00),
    (26, 'Compliance Officer', 54000.00, 84000.00),
    (27, 'Risk Manager', 57000.00, 87000.00),
    (28, 'Auditor', 60000.00, 90000.00),
    (29, 'Insurance Agent', 62000.00, 92000.00),
    (30, 'Real Estate Agent', 65000.00, 95000.00),
    (31, 'Mergers and Acquisitions Analyst', 67000.00, 97000.00),
    (32, 'Treasury Analyst', 35000.00, 65000.00),
    (33, 'Tax Accountant', 40000.00, 70000.00),
    (34, 'Financial Planner', 45000.00, 75000.00),
    (35, 'Investor Relations Specialist', 50000.00, 80000.00),
    (36, 'Venture Capital Analyst', 55000.00, 85000.00),
    (37, 'Grant Writer', 58000.00, 88000.00),
    (38, 'Research Associate', 61000.00, 91000.00),
    (39, 'Nonprofit Manager', 64000.00, 94000.00),
    (40, 'Charity Fundraiser', 66000.00, 96000.00),
    (41, 'Community Development Coordinator', 69000.00, 99000.00),
    (42, 'Public Advocate', 70000.00, 100000.00),
    (43, 'Lobbyist', 72000.00, 102000.00),
    (44, 'Policy Analyst', 74000.00, 104000.00),
    (45, 'Government Relations Specialist', 76000.00, 106000.00),
    (46, 'Legislative Assistant', 78000.00, 108000.00),
    (47, 'Regulatory Affairs Specialist', 80000.00, 110000.00),
    (48, 'Public Administrator', 82000.00, 112000.00),
    (49, 'Diplomat', 84000.00, 114000.00),
    (50, 'International Affairs Specialist', 86000.00, 116000.00);

